persona_id,persona_group,primary_dimension,macro_pillar,read,react,comment,expand,search,share,TOTAL,representative_reason
vn_fb_001,Nhóm 1 (Tri thức & Chuyên môn),curiosity,Tò mò,28,10,2,5,0,0,45,"Bài viết về cờ vua với tiêu đề gợi sự tò mò, phù hợp với tính cách cởi mở khám phá và quan tâm đến các trò chơi tư duy."
vn_fb_001,Nhóm 1 (Tri thức & Chuyên môn),interest_real_estate,Thực dụng & Chuyên môn,14,5,0,0,0,0,19,"Bài viết về thiết kế 3D kiến trúc liên quan trực tiếp đến công việc, muốn đọc xem có thông tin hữu ích"
vn_fb_001,Nhóm 1 (Tri thức & Chuyên môn),career_role,Thực dụng & Chuyên môn,4,3,0,0,0,0,7,Đọc các bình luận để hiểu giải thích về smothered mate và mate trong 3 nước
vn_fb_001,Nhóm 1 (Tri thức & Chuyên môn),interest_technology,Tò mò,4,1,0,0,2,0,7,"Tìm hiểu các công cụ AI mới cho thiết kế kiến trúc, lĩnh vực mình đang làm việc"
vn_fb_001,Nhóm 1 (Tri thức & Chuyên môn),writing_format,Thực dụng & Chuyên môn,1,0,1,0,0,0,2,Đọc bài đăng về tình huống cờ vua mate in 2 trong group Cờ vua
vn_fb_001,Nhóm 1 (Tri thức & Chuyên môn),decision_speed,Tò mò,0,0,0,1,0,0,1,"Bài viết về lời cảm ơn đến HLV cờ vua, có thể có câu chuyện truyền cảm hứng về người thầy và thế hệ kỳ thủ."
vn_fb_001,Nhóm 1 (Tri thức & Chuyên môn),group_community_participation,Đời sống & Giải trí,0,0,0,1,0,0,1,"Bài viết về Ben Anh Nguyễn đạt cup Bạc Formula Malaysia Trophy 2026. Persona có curiosity rất cao và attitude_new_technology rất ủng hộ, tự nhiên muốn xem thêm chi tiết về thành tích này."
vn_fb_002,Nhóm 2 (Đời sống & Giải trí),tone,Đời sống & Giải trí,5,8,1,0,0,0,14,Bài viết về Bồ tát Quán Thế Âm phù hợp với niềm tin Phật giáo của chị. Hình ảnh tượng cao 33 mét hướng ra sông Tiền gợi sự tò mò về địa điểm tâm linh này.
vn_fb_002,Nhóm 2 (Đời sống & Giải trí),curiosity,Tò mò,5,0,0,0,0,0,5,"Bài về dưỡng lão công lập quá tải liên quan đến vấn đề chăm sóc người cao tuổi trong gia đình, chị muốn đọc để hiểu tình hình."
vn_fb_002,Nhóm 2 (Đời sống & Giải trí),emotional_expressiveness,Đời sống & Giải trí,0,5,0,0,0,0,5,"Bài viết về Bồ tát Quán Thế Âm (Mẹ Nam Hải) phù hợp với niềm tin Phật giáo của chị. Hình ảnh tượng cao 33 mét hướng ra sông Tiền gợi cảm giác bình an, che chở. Thả like để thể hiện sự tôn trọng và kết nối tâm linh."
vn_fb_002,Nhóm 2 (Đời sống & Giải trí),province,Thực dụng & Chuyên môn,3,1,0,0,0,0,4,"Chị đọc bài viết về Đền Ông Hoàng Mười, nội dung tâm linh có thể thu hút sự chú ý tình huống của chị."
vn_fb_002,Nhóm 2 (Đời sống & Giải trí),content_consumption_format,Đời sống & Giải trí,2,1,0,0,0,0,3,Xem phản hồi cho bình luận về thả tym và vía mạnh
vn_fb_002,Nhóm 2 (Đời sống & Giải trí),interest_parenting_family_life,Đời sống & Giải trí,3,0,0,0,0,0,3,"Chị đọc bài viết về Phòng khám Hướng Dương, nội dung liên quan đến tư vấn sinh sản có thể hữu ích cho phụ nữ trong độ tuổi trung niên."
vn_fb_002,Nhóm 2 (Đời sống & Giải trí),interest_spirituality,Truyền thống & Tâm linh,0,1,0,1,0,0,2,Bài viết về Phật mẫu phù hợp niềm tin Phật giáo của chị. Chị muốn đọc đầy đủ nội dung để hiểu rõ hơn về lời cầu nguyện.
vn_fb_002,Nhóm 2 (Đời sống & Giải trí),books_romance,Tò mò,1,1,0,0,0,0,2,"Chị đọc bài viết của SƯ MINH ĐẠO với giọng văn tâm tình, phù hợp với sở thích truyện tình cảm và cách diễn đạt cảm xúc tự nhiên."
vn_fb_002,Nhóm 2 (Đời sống & Giải trí),cuisine_street_food,Đời sống & Giải trí,0,1,0,0,0,0,1,"Bài viết về Đền Ông Hoàng Mười phù hợp với niềm tin Phật giáo và quan tâm tâm linh nhẹ nhàng của chị. Lời cầu nguyện tài lộc, công việc thuận lợi gần gũi với mong ước đời sống bình an. Chị thể hiện sự tôn trọng bằng một like, không cần đào sâu hơn."
vn_fb_002,Nhóm 2 (Đời sống & Giải trí),dialect_register,Đời sống & Giải trí,1,0,0,0,0,0,1,Bài viết về tượng Quan Thế Âm Bồ Tát trên Fansipan - chủ đề tâm linh Phật giáo phù hợp với niềm tin cá nhân. Muốn đọc để hiểu thêm về công trình này.
vn_fb_002,Nhóm 2 (Đời sống & Giải trí),facebook_frequency,Đời sống & Giải trí,0,1,0,0,0,0,1,"Bài viết về Phật mẫu Diêu Trì Kim Mẫu với lời dạy tâm linh sâu sắc. Chị thể hiện sự tôn trọng bằng một like, phù hợp với niềm tin Phật giáo và thái độ lịch thiệp."
vn_fb_002,Nhóm 2 (Đời sống & Giải trí),religion,Truyền thống & Tâm linh,1,0,0,0,0,0,1,Bài viết về Bồ tát Quán Thế Âm phù hợp với niềm tin Phật giáo của chị. Hình ảnh tượng cao 33 mét hướng ra sông Tiền gợi sự tò mò về địa điểm này.
vn_fb_003,Nhóm 2 (Đời sống & Giải trí),cuisine_vietnamese,Đời sống & Giải trí,7,0,7,0,0,0,14,"Bài review đồ ăn Việt, hợp sở thích ẩm thực. Muốn xem chi tiết và địa chỉ quán."
vn_fb_003,Nhóm 2 (Đời sống & Giải trí),cuisine_street_food,Đời sống & Giải trí,2,0,6,0,1,0,9,Feed hiện không có nội dung phù hợp sở thích; tìm kiếm quán bún trộn Đà Nẵng để khám phá ẩm thực đường phố miền Trung.
vn_fb_003,Nhóm 2 (Đời sống & Giải trí),social_engagement_style,Đời sống & Giải trí,3,0,2,0,1,0,6,"Feed không có bài ẩm thực Đà Nẵng, tìm trực tiếp để xem review quán ngon."
vn_fb_003,Nhóm 2 (Đời sống & Giải trí),group_community_participation,Đời sống & Giải trí,5,0,0,0,0,0,5,"Bài về CiiN Bùi Thảo Ly đang được focus, có thể là video âm nhạc hoặc nội dung giải trí. Persona thích nhạc indie và pop, nên đọc xem có gì thú vị."
vn_fb_003,Nhóm 2 (Đời sống & Giải trí),curiosity,Tò mò,2,1,1,0,0,0,4,"Bài review hủ tiếu Thái hấp dẫn, muốn hỏi địa chỉ quán. Giọng thẳng thắn, dùng emoji phù hợp persona."
vn_fb_003,Nhóm 2 (Đời sống & Giải trí),content_consumption_format,Đời sống & Giải trí,1,2,0,0,0,0,3,Video cascade tạt nước khá ấn tượng với pha thoát hiểm bất ngờ. Thả reaction wow cho pha hành động này.
vn_fb_003,Nhóm 2 (Đời sống & Giải trí),interest_film,Đời sống & Giải trí,2,0,0,0,0,0,2,"Bài có 18.3K like, 2.7K share - số liệu ấn tượng. Đang ở feed khám phá, muốn xem nội dung gì thu hút nhiều người vậy."
vn_fb_003,Nhóm 2 (Đời sống & Giải trí),attitude_advertising,Thực dụng & Chuyên môn,1,0,0,0,0,0,1,"Bài viết quảng cáo dịch vụ tài chính với font đặc biệt, không liên quan đến sở thích. Đọc lướt nhanh để xác nhận nội dung rồi tiếp tục."
vn_fb_003,Nhóm 2 (Đời sống & Giải trí),province,Thực dụng & Chuyên môn,0,0,1,0,0,0,1,Hỏi giờ mở cửa và giá cả vì bình luận chưa có thông tin rõ ràng
vn_fb_003,Nhóm 2 (Đời sống & Giải trí),writing_format,Thực dụng & Chuyên môn,0,0,1,0,0,0,1,"Bài viết về tình hình Cali và sự tử tế của nhân viên gợi cảm xúc, muốn bày tỏ cảm nghĩ"
vn_fb_004,Nhóm 2 (Đời sống & Giải trí),sport_football,Đời sống & Giải trí,7,2,0,0,1,0,10,"Không thấy video highlight bóng đá sau nhiều lần next, tìm kiếm trực tiếp để xem nội dung phù hợp."
vn_fb_004,Nhóm 2 (Đời sống & Giải trí),content_consumption_format,Đời sống & Giải trí,1,6,0,0,0,0,7,"Tình huống bóng đá thú vị, Dembele lỡ cơ hội ngon ăn. Thích xem thêm highlight."
vn_fb_004,Nhóm 2 (Đời sống & Giải trí),curiosity,Tò mò,2,0,0,1,0,0,3,"Bài viết đang focus trên feed, muốn xem nội dung trước khi quyết định tương tác."
vn_fb_004,Nhóm 2 (Đời sống & Giải trí),reading_frequency,Tò mò,0,1,0,0,0,0,1,"Bình luận có nội dung thú vị với 6 reaction, thể hiện sự quan tâm đến cầu thủ."
vn_fb_005,Nhóm 1 (Tri thức & Chuyên môn),curiosity,Tò mò,18,6,4,4,9,1,42,"Câu chuyện gây xúc động mạnh, muốn bày tỏ cảm xúc và chia sẻ với gia đình theo tính cách hướng ngoại và thích biểu đạt cảm xúc tự nhiên."
vn_fb_005,Nhóm 1 (Tri thức & Chuyên môn),value_tradition,Truyền thống & Tâm linh,7,3,7,4,0,0,21,"Bài viết về lịch sử Việt Nam đánh bại các cường quốc gợi tự hào dân tộc, muốn chia sẻ góc nhìn cá nhân."
vn_fb_005,Nhóm 1 (Tri thức & Chuyên môn),cuisine_japanese,Đời sống & Giải trí,0,1,0,1,0,0,2,"Thấy bài từ Hiroyuki Takeoka về món ăn Nhật, tò mò xem chi tiết. Mình thích ẩm thực Nhật và hay xem video dài về các món."
vn_fb_005,Nhóm 1 (Tri thức & Chuyên môn),province,Thực dụng & Chuyên môn,0,1,1,0,0,0,2,Người đăng hỏi kinh nghiệm quan sát tại Đà Nẵng - mình có thể chia sẻ về bầu trời quang đãng ở vùng nông thôn và hỏi thêm về thời điểm tốt.
vn_fb_005,Nhóm 1 (Tri thức & Chuyên môn),attitude_new_technology,Tò mò,0,1,0,0,0,0,1,Video CNC khắc gỗ 2.5D gây ấn tượng với kỹ thuật chính xác và hiệu ứng thị giác đẹp. Phù hợp với hứng thú công nghệ mới và giá trị truyền thống trong nghề thủ công.
vn_fb_005,Nhóm 1 (Tri thức & Chuyên môn),books_fantasy,Tò mò,1,0,0,0,0,0,1,"Thích bóng đá, muốn đọc bài về Messi"
vn_fb_005,Nhóm 1 (Tri thức & Chuyên môn),extroversion,Tò mò,1,0,0,0,0,0,1,"Tiêu đề gây tò mò về câu chuyện tìm thấy người mất tích sau 10 năm, phù hợp với sở thích xem video dài và tính cách thích khám phá."
vn_fb_005,Nhóm 1 (Tri thức & Chuyên môn),logic_vs_intuition,Tò mò,0,0,0,1,0,0,1,"Bài viết về Đại tướng Võ Nguyên Giáp và người thầy giáo trong chiến tranh, phù hợp với giá trị coi trọng truyền thống. Muốn đọc toàn bộ câu chuyện."
vn_fb_005,Nhóm 1 (Tri thức & Chuyên môn),sport_football,Đời sống & Giải trí,1,0,0,0,0,0,1,Đọc bình luận để hiểu cảm xúc cộng đồng về Messi
vn_fb_005,Nhóm 1 (Tri thức & Chuyên môn),tech_savviness,Tò mò,1,0,0,0,0,0,1,"Bài cảnh báo lừa đảo qua Facebook và ảnh AI liên quan trực tiếp đến an toàn thông tin và tài chính, phù hợp với người dùng công nghệ quen thuộc cần bảo vệ bản thân và gia đình."
vn_fb_005,Nhóm 1 (Tri thức & Chuyên môn),value_family,Đời sống & Giải trí,0,0,0,1,0,0,1,"Bài viết có tiêu đề sâu sắc về tình yêu thương, muốn đọc nội dung đầy đủ"
vn_fb_006,Nhóm 1 (Tri thức & Chuyên môn),curiosity,Tò mò,18,2,0,0,0,0,20,"Bài livestream ngắn, chưa rõ nội dung. Đọc nhanh để xem có gì liên quan Cần Thơ hoặc chủ đề quan tâm."
vn_fb_006,Nhóm 1 (Tri thức & Chuyên môn),interest_real_estate,Thực dụng & Chuyên môn,10,5,0,0,2,0,17,"Persona quan tâm bất động sản, đang sống tại Cần Thơ, muốn tìm hiểu thị trường địa ốc địa phương. Giọng miền Tây, viết ngắn gọn, không dấu."
vn_fb_006,Nhóm 1 (Tri thức & Chuyên môn),interest_spirituality,Truyền thống & Tâm linh,5,0,0,0,0,0,5,"Bài viết về sự tĩnh lặng và bản lĩnh, phù hợp với quan tâm về an yên tinh thần của người lớn tuổi. Nội dung ngắn gọn, dễ đọc."
vn_fb_006,Nhóm 1 (Tri thức & Chuyên môn),value_health,Đời sống & Giải trí,2,3,0,0,0,0,5,"Bài viết về livestream, không liên quan đến mạch nhà ở xã hội đang quan tâm. Đọc lướt để xem có nội dung gì hữu ích không."
vn_fb_006,Nhóm 1 (Tri thức & Chuyên môn),value_wealth,Thực dụng & Chuyên môn,4,0,0,0,0,0,4,
vn_fb_006,Nhóm 1 (Tri thức & Chuyên môn),current_thread,Thực dụng & Chuyên môn,1,1,0,0,0,0,2,"Bài DIY có thể có mẹo hữu ích cho việc nhà, phù hợp với người thích dữ kiện thực tế."
vn_fb_006,Nhóm 1 (Tri thức & Chuyên môn),cuisine_street_food,Đời sống & Giải trí,0,1,1,0,0,0,2,"Đang xem căn hộ Cara River Park tại Cần Thơ. Muốn xem video thực tế và hỏi rõ về giá để cân nhắc. Giọng miền Tây, thẳng thắn, dùng teencode."
vn_fb_006,Nhóm 1 (Tri thức & Chuyên môn),skepticism,Tò mò,0,0,0,0,1,0,1,Kiểm chứng quảng cáo implant giá rẻ 2.2tr/sét
vn_fb_006,Nhóm 1 (Tri thức & Chuyên môn),film_animation,Đời sống & Giải trí,1,0,0,0,0,0,1,"Tin tức giáo dục trong nước, có thể liên quan đến lĩnh vực làm việc"
vn_fb_006,Nhóm 1 (Tri thức & Chuyên môn),sport_badminton,Đời sống & Giải trí,1,0,0,0,0,0,1,"Bài viết về kỹ thuật gốm, có video 2:19. Mặc dù không phải sở thích chính, nhưng nội dung thủ công có thể thú vị để xem lướt. Persona có tính tò mò cao và thích video dài."
vn_fb_006,Nhóm 1 (Tri thức & Chuyên môn),social_engagement_style,Đời sống & Giải trí,1,0,0,0,0,0,1,Đọc các bình luận đã cuộn tới
