session_id,persona_id,session_read_posts_count,total_actions,duration_seconds,vai_tro
3bec6714-e1d8-4382-b218-87beab8417c2,vn_fb_006,6,38,625.12,vn_fb_006 (Gen X Kinh doanh)
2f5baca0-f84c-48a4-8bbb-f45a3e39eaa9,vn_fb_006,2,18,501.56,vn_fb_006 (Gen X Kinh doanh)
53a21bfd-97c0-426f-b2d6-8312d37ecf2d,vn_fb_006,6,81,889.14,vn_fb_006 (Gen X Kinh doanh)
3122847b-2e4e-4cda-9d21-fce38547be0b,vn_fb_006,6,69,,vn_fb_006 (Gen X Kinh doanh)
5123fea1-29bb-4c04-b8df-5065884acfaf,vn_fb_005,3,36,325.54,vn_fb_005 (Thợ cơ khí)
3bd87615-0c11-4ade-897a-8aac32829ef0,vn_fb_005,6,53,626.58,vn_fb_005 (Thợ cơ khí)
397f1fb0-d82d-4b24-aec0-e7f69d5cd12c,vn_fb_005,6,73,939.74,vn_fb_005 (Thợ cơ khí)
81b9d263-b661-4688-bd01-826514fdd24b,vn_fb_005,6,50,620.22,vn_fb_005 (Thợ cơ khí)
eaedef3d-73dc-4527-8c52-e2f444a389bd,vn_fb_004,1,36,620.35,vn_fb_004 (Nhân viên nhà hàng)
7fa44f4e-ed8f-4401-9fe5-745c5025776c,vn_fb_004,0,84,1228.82,vn_fb_004 (Nhân viên nhà hàng)
828f064e-272a-4b6a-a579-963d5ed5e1b9,vn_fb_004,2,112,1532.57,vn_fb_004 (Nhân viên nhà hàng)
1467fb7f-2b2b-4734-b8f9-0d5c4e0295fc,vn_fb_004,1,180,2119.52,vn_fb_004 (Nhân viên nhà hàng)
9e8baabb-5691-4c15-b278-0b5534c6ee08,vn_fb_003,2,68,631.39,vn_fb_003 (Bảo vệ trực ca)
a27a406f-19be-4a98-aa93-5d9a6fad0b8e,vn_fb_003,6,179,1553.86,vn_fb_003 (Bảo vệ trực ca)
62cedcab-d23f-4bc1-a10b-114aa17fd910,vn_fb_003,0,56,1604.49,vn_fb_003 (Bảo vệ trực ca)
8b0a810e-805a-45dd-9c64-c10e5125df13,vn_fb_003,6,64,1218.94,vn_fb_003 (Bảo vệ trực ca)
34efda55-dee5-4209-9fe8-751320a0dccd,vn_fb_002,6,57,623.59,vn_fb_002 (Lao động / Gia đình)
521c9990-e91a-4dde-a29e-eab19769d9f2,vn_fb_002,1,24,181.17,vn_fb_002 (Lao động / Gia đình)
38c96768-c74d-4fe6-a426-0eb95d34b75d,vn_fb_002,1,44,1236.84,vn_fb_002 (Lao động / Gia đình)
5cb3f0bf-230b-4b68-b6e0-4e1d6225bde0,vn_fb_002,6,59,931.74,vn_fb_002 (Lao động / Gia đình)
2241a54c-e30b-411e-aa84-37ee8e0bbe90,vn_fb_001,5,24,371.95,vn_fb_001 (Thiết kế đồ họa)
1f4fc804-6767-4155-9b2b-0deb74f8e837,vn_fb_001,5,60,724.06,vn_fb_001 (Thiết kế đồ họa)
1b810cd9-19f2-498b-802e-3195d902f0e7,vn_fb_001,6,58,938.11,vn_fb_001 (Thiết kế đồ họa)
773d113e-58d0-4e82-9200-849c8f7a6fbe,vn_fb_001,6,157,2118.29,vn_fb_001 (Thiết kế đồ họa)
