primary_dimension,count,cluster_id
curiosity,119,6
interest_real_estate,36,6
value_tradition,21,4
cuisine_vietnamese,14,2
tone,14,1
content_consumption_format,13,5
cuisine_street_food,12,2
sport_football,11,5
interest_spirituality,7,3
social_engagement_style,7,2
province,7,1
career_role,7,6
interest_technology,7,6
group_community_participation,6,2
value_health,5,3
emotional_expressiveness,5,1
value_wealth,4,3
writing_format,3,6
interest_parenting_family_life,3,1
current_thread,2,3
cuisine_japanese,2,4
interest_film,2,2
books_romance,2,1
