,model_latency_ms,tool_execution_ms,total_step_latency_ms,cognitive_latency_ratio,reason_length,num_dimension_evidence,context_action_velocity,wm_num_active_threads,wm_cumulative_searches,wm_cumulative_reads,wm_cumulative_opened
model_latency_ms,1.0,0.543939061400707,0.7340154804226002,-0.3678733932168485,-0.7702220098977902,0.3480250572128495,-0.2754440841237277,-0.28071039388939883,-0.40789187657888964,-0.4986044348895276,
tool_execution_ms,0.543939061400707,1.0,0.9058614274478769,-0.9654915818013238,-0.6331159780564273,0.03190375888281911,-0.49723392306976605,-0.6858571675063849,-0.6976818660621477,-0.32159058264059925,
total_step_latency_ms,0.7340154804226002,0.9058614274478769,1.0,-0.8352863060082896,-0.7234986556102314,0.10853054031437402,-0.5371864277006441,-0.6029909234645227,-0.7043709588207889,-0.5466169746968985,
cognitive_latency_ratio,-0.3678733932168485,-0.9654915818013238,-0.8352863060082896,1.0,0.5348898533197525,0.04333570737015217,0.5042285435365369,0.7278255080418494,0.7107757827027621,0.2493406440093586,
reason_length,-0.7702220098977902,-0.6331159780564273,-0.7234986556102314,0.5348898533197525,1.0,-0.4988856274670822,0.26758648378100464,0.477867204366346,0.6231184880417595,0.44630650384148274,
num_dimension_evidence,0.3480250572128495,0.03190375888281911,0.10853054031437402,0.04333570737015217,-0.4988856274670822,1.0,0.5045597737437906,0.28139136654885283,0.05437186430465481,-0.06337514591595288,
context_action_velocity,-0.2754440841237277,-0.49723392306976605,-0.5371864277006441,0.5042285435365369,0.26758648378100464,0.5045597737437906,1.0,0.7186050928550783,0.6426973670913623,0.4444271997556825,
wm_num_active_threads,-0.28071039388939883,-0.6858571675063849,-0.6029909234645227,0.7278255080418494,0.477867204366346,0.28139136654885283,0.7186050928550783,1.0,0.8587350511848206,0.11742218314149663,
wm_cumulative_searches,-0.40789187657888964,-0.6976818660621477,-0.7043709588207889,0.7107757827027621,0.6231184880417595,0.05437186430465481,0.6426973670913623,0.8587350511848206,1.0,0.4588732537680524,
wm_cumulative_reads,-0.4986044348895276,-0.32159058264059925,-0.5466169746968985,0.2493406440093586,0.44630650384148274,-0.06337514591595288,0.4444271997556825,0.11742218314149663,0.4588732537680524,1.0,
wm_cumulative_opened,,,,,,,,,,,
