value,category,n_support,count,p_cond,p_base,ci_low,ci_high,95%_ci,delta_p,lift
back,no_persona,5,0,0.0,0.2045,0.0,0.4345,"[0.0%, 43.4%]",-0.2045,0.0
back,persona,5,5,1.0,0.7955,0.5655,1.0,"[56.6%, 100.0%]",0.2045,1.257
close,no_persona,7,6,0.8571,0.2045,0.4869,0.9743,"[48.7%, 97.4%]",0.6527,4.192
close,persona,7,1,0.1429,0.7955,0.0257,0.5131,"[2.6%, 51.3%]",-0.6527,0.18
expand,no_persona,4,2,0.5,0.2045,0.15,0.85,"[15.0%, 85.0%]",0.2955,2.445
expand,persona,4,2,0.5,0.7955,0.15,0.85,"[15.0%, 85.0%]",-0.2955,0.629
home,no_persona,24,1,0.0417,0.2045,0.0074,0.2024,"[0.7%, 20.2%]",-0.1628,0.204
home,persona,24,23,0.9583,0.7955,0.7976,0.9926,"[79.8%, 99.3%]",0.1628,1.205
like_page,no_persona,1,0,0.0,0.2045,0.0,0.7935,"[0.0%, 79.3%]",-0.2045,0.0
like_page,persona,1,1,1.0,0.7955,0.2065,1.0,"[20.7%, 100.0%]",0.2045,1.257
observe,no_persona,119,35,0.2941,0.2045,0.2197,0.3814,"[22.0%, 38.1%]",0.0896,1.438
observe,persona,119,84,0.7059,0.7955,0.6186,0.7803,"[61.9%, 78.0%]",-0.0896,0.887
open,no_persona,26,1,0.0385,0.2045,0.0068,0.1889,"[0.7%, 18.9%]",-0.166,0.188
open,persona,26,25,0.9615,0.7955,0.8111,0.9932,"[81.1%, 99.3%]",0.166,1.209
open_comments,no_persona,5,3,0.6,0.2045,0.2307,0.8824,"[23.1%, 88.2%]",0.3955,2.934
open_comments,persona,5,2,0.4,0.7955,0.1176,0.7693,"[11.8%, 76.9%]",-0.3955,0.503
open_reels,no_persona,1,1,1.0,0.2045,0.2065,1.0,"[20.7%, 100.0%]",0.7955,4.89
open_reels,persona,1,0,0.0,0.7955,0.0,0.7935,"[0.0%, 79.3%]",-0.7955,0.0
react,no_persona,28,3,0.1071,0.2045,0.0371,0.272,"[3.7%, 27.2%]",-0.0973,0.524
react,persona,28,25,0.8929,0.7955,0.728,0.9629,"[72.8%, 96.3%]",0.0973,1.122
read,no_persona,41,13,0.3171,0.2045,0.1956,0.4698,"[19.6%, 47.0%]",0.1126,1.551
read,persona,41,28,0.6829,0.7955,0.5302,0.8044,"[53.0%, 80.4%]",-0.1126,0.858
scroll,no_persona,89,13,0.1461,0.2045,0.0874,0.234,"[8.7%, 23.4%]",-0.0584,0.714
scroll,persona,89,76,0.8539,0.7955,0.766,0.9126,"[76.6%, 91.3%]",0.0584,1.073
scroll_comments,no_persona,2,0,0.0,0.2045,0.0,0.6576,"[0.0%, 65.8%]",-0.2045,0.0
scroll_comments,persona,2,2,1.0,0.7955,0.3424,1.0,"[34.2%, 100.0%]",0.2045,1.257
search,no_persona,33,4,0.1212,0.2045,0.0482,0.2733,"[4.8%, 27.3%]",-0.0833,0.593
search,persona,33,29,0.8788,0.7955,0.7267,0.9518,"[72.7%, 95.2%]",0.0833,1.105
share,no_persona,16,0,0.0,0.2045,0.0,0.1936,"[0.0%, 19.4%]",-0.2045,0.0
share,persona,16,16,1.0,0.7955,0.8064,1.0,"[80.6%, 100.0%]",0.2045,1.257
