intent,no_persona,persona
MISSING,-0.5420706269917706,0.5420706269917713
back,-1.129308169423233,1.1293081694232328
close,4.3614846648479935,-4.3614846648479935
expand,1.4961778744668583,-1.496177874466858
home,-2.006877359987077,2.0068773599870755
like_page,-0.5027199225439489,0.5027199225439489
observe,2.957446453350766,-2.9574464533507654
open,-2.1359225594938587,2.1359225594938582
open_comments,2.2355168535628085,-2.235516853562809
open_reels,1.9937415109981613,-1.993741510998161
react,-1.2852135822041295,1.285213582204129
read,1.9406465731246019,-1.9406465731246023
scroll,-1.4579494084752282,1.4579494084752267
scroll_comments,-0.711770051166278,0.7117700511662781
search,-1.1942544013425034,1.1942544013425032
share,-2.046389432667229,2.0463894326672296
