persona_pace,time_bin_4,count,mean,std,median,iqr
balanced,Q1 (0-25% Early),16,3.8975,1.2267164844956364,4.245,0.4975000000000005
balanced,Q2 (25-50% Mid-Early),16,4.588125,0.10980095627998888,4.6,0.1775000000000002
balanced,Q3 (50-75% Mid-Late),16,2.578125,2.065327153261681,4.025,4.154999999999999
balanced,Q4 (75-100% Late),16,2.3625,1.6541604114071484,3.23,3.5475
quick,Q1 (0-25% Early),24,3.5545833333333334,2.048220816829268,4.07,2.255
quick,Q2 (25-50% Mid-Early),24,2.69875,1.7573208672393275,3.035,1.8050000000000002
quick,Q3 (50-75% Mid-Late),24,1.6066666666666667,1.2652192340242567,1.9449999999999998,2.55
quick,Q4 (75-100% Late),26,1.6215384615384614,1.1581111943425546,1.8900000000000001,1.795
slow,Q1 (0-25% Early),46,1.9906521739130434,1.459709867936339,2.425,3.0625
slow,Q2 (25-50% Mid-Early),47,2.6376595744680853,1.3134425605453743,3.08,1.2500000000000004
slow,Q3 (50-75% Mid-Late),47,3.075744680851064,1.0351596068509792,3.55,0.8300000000000001
slow,Q4 (75-100% Late),47,2.9540425531914893,1.491075858412698,3.05,1.435
