feature,is_discrete,mutual_info_score,rank
wm_num_active_threads,False,0.34710869514917175,1
wm_cumulative_opened,False,0.21059530388749703,2
model_latency_ms,False,0.19937255397019027,3
cognitive_latency_ratio,False,0.16617560465670977,4
wm_cumulative_searches,False,0.1549377039063533,5
context_completed_actions,False,0.14778189060083546,6
context_action_velocity,False,0.14212322559646995,7
context_num_queries_this_session,False,0.11774394516669129,8
context_num_recent_actions,False,0.10906953582053291,9
surface,True,0.10837086906583321,10
total_step_latency_ms,False,0.10593162430646896,11
tool_execution_ms,False,0.09886495765193848,12
num_dimension_evidence,False,0.09517442060349257,13
wm_cumulative_reads,False,0.09294548256133117,14
resolved_tool,True,0.08415215612171661,15
intent,True,0.06739135964196943,16
reason_length,False,0.04138974011190477,17
tool,True,0.012960720779745728,18
reaction,True,0.007821871783753312,19
verified,False,0.0,20
