token,count_persona,count_nopersona,total_count,prob_persona,prob_nopersona,log_ratio,log2_ratio,orientation
nội_dung,63,0,63,0.027344,0.0,7.914,11.4175,Thiên về Persona (LR > +1.0)
việt_nam,50,0,50,0.021701,0.0,7.683,11.0842,Thiên về Persona (LR > +1.0)
cờ,44,0,44,0.019097,0.0,7.5552,10.8999,Thiên về Persona (LR > +1.0)
vua,43,0,43,0.018663,0.0,7.5323,10.8668,Thiên về Persona (LR > +1.0)
phù_hợp,33,0,33,0.014323,0.0,7.2677,10.4851,Thiên về Persona (LR > +1.0)
cờ_vua,30,0,30,0.013021,0.0,7.1725,10.3477,Thiên về Persona (LR > +1.0)
lịch_sử,28,0,28,0.012153,0.0,7.1036,10.2483,Thiên về Persona (LR > +1.0)
phong_cảnh,25,0,25,0.010851,0.0,6.9903,10.0849,Thiên về Persona (LR > +1.0)
nhiếp_ảnh,23,0,23,0.009983,0.0,6.907,9.9647,Thiên về Persona (LR > +1.0)
thể_thao,20,0,20,0.008681,0.0,6.7674,9.7633,Thiên về Persona (LR > +1.0)
quan_tâm,18,0,18,0.007812,0.0,6.6622,9.6115,Thiên về Persona (LR > +1.0)
chạy,17,0,17,0.007378,0.0,6.6051,9.5291,Thiên về Persona (LR > +1.0)
reel,16,0,16,0.006944,0.0,6.5446,9.4418,Thiên về Persona (LR > +1.0)
thả,16,0,16,0.006944,0.0,6.5446,9.4418,Thiên về Persona (LR > +1.0)
trước,16,0,16,0.006944,0.0,6.5446,9.4418,Thiên về Persona (LR > +1.0)
cuối,15,0,15,0.00651,0.0,6.4801,9.3488,Thiên về Persona (LR > +1.0)
khác,15,0,15,0.00651,0.0,6.4801,9.3488,Thiên về Persona (LR > +1.0)
ảnh,15,0,15,0.00651,0.0,6.4801,9.3488,Thiên về Persona (LR > +1.0)
nguồn,14,0,14,0.006076,0.0,6.4112,9.2494,Thiên về Persona (LR > +1.0)
thiền,14,0,14,0.006076,0.0,6.4112,9.2494,Thiên về Persona (LR > +1.0)
tìm,14,0,14,0.006076,0.0,6.4112,9.2494,Thiên về Persona (LR > +1.0)
thầy,13,0,13,0.005642,0.0,6.3372,9.1427,Thiên về Persona (LR > +1.0)
search,13,0,13,0.005642,0.0,6.3372,9.1427,Thiên về Persona (LR > +1.0)
sách,13,0,13,0.005642,0.0,6.3372,9.1427,Thiên về Persona (LR > +1.0)
đầu_tư,13,0,13,0.005642,0.0,6.3372,9.1427,Thiên về Persona (LR > +1.0)
chứng_khoán,13,0,13,0.005642,0.0,6.3372,9.1427,Thiên về Persona (LR > +1.0)
kết_quả,13,0,13,0.005642,0.0,6.3372,9.1427,Thiên về Persona (LR > +1.0)
giảm,12,0,12,0.005208,0.0,6.2573,9.0274,Thiên về Persona (LR > +1.0)
giây,12,0,12,0.005208,0.0,6.2573,9.0274,Thiên về Persona (LR > +1.0)
cụ_thể,12,0,12,0.005208,0.0,6.2573,9.0274,Thiên về Persona (LR > +1.0)
chia_sẻ,11,0,11,0.004774,0.0,6.1705,8.9022,Thiên về Persona (LR > +1.0)
tây_nguyên,11,0,11,0.004774,0.0,6.1705,8.9022,Thiên về Persona (LR > +1.0)
sắp,11,0,11,0.004774,0.0,6.1705,8.9022,Thiên về Persona (LR > +1.0)
hứng_thú,11,0,11,0.004774,0.0,6.1705,8.9022,Thiên về Persona (LR > +1.0)
khớp,10,0,10,0.00434,0.0,6.0754,8.765,Thiên về Persona (LR > +1.0)
xuống,10,0,10,0.00434,0.0,6.0754,8.765,Thiên về Persona (LR > +1.0)
nhanh,9,0,9,0.003906,0.0,5.9703,8.6133,Thiên về Persona (LR > +1.0)
thư_pháp,9,0,9,0.003906,0.0,5.9703,8.6133,Thiên về Persona (LR > +1.0)
tin_tức,9,0,9,0.003906,0.0,5.9703,8.6133,Thiên về Persona (LR > +1.0)
ảo_thuật,9,0,9,0.003906,0.0,5.9703,8.6133,Thiên về Persona (LR > +1.0)
hoàn_thành,8,0,8,0.003472,0.0,5.8528,8.4439,Thiên về Persona (LR > +1.0)
ông,8,0,8,0.003472,0.0,5.8528,8.4439,Thiên về Persona (LR > +1.0)
hồi_ký,8,0,8,0.003472,0.0,5.8528,8.4439,Thiên về Persona (LR > +1.0)
hướng,8,0,8,0.003472,0.0,5.8528,8.4439,Thiên về Persona (LR > +1.0)
chính,8,0,8,0.003472,0.0,5.8528,8.4439,Thiên về Persona (LR > +1.0)
bóng_rổ,8,0,8,0.003472,0.0,5.8528,8.4439,Thiên về Persona (LR > +1.0)
tiểu_sử,8,0,8,0.003472,0.0,5.8528,8.4439,Thiên về Persona (LR > +1.0)
liên_đoàn,7,0,7,0.003038,0.0,5.7197,8.2518,Thiên về Persona (LR > +1.0)
yoga,7,0,7,0.003038,0.0,5.7197,8.2518,Thiên về Persona (LR > +1.0)
hiển_thị,7,0,7,0.003038,0.0,5.7197,8.2518,Thiên về Persona (LR > +1.0)
nước_ngoài,7,0,7,0.003038,0.0,5.7197,8.2518,Thiên về Persona (LR > +1.0)
ngày,7,0,7,0.003038,0.0,5.7197,8.2518,Thiên về Persona (LR > +1.0)
đặc_biệt,7,0,7,0.003038,0.0,5.7197,8.2518,Thiên về Persona (LR > +1.0)
nhóm,7,0,7,0.003038,0.0,5.7197,8.2518,Thiên về Persona (LR > +1.0)
tại,7,0,7,0.003038,0.0,5.7197,8.2518,Thiên về Persona (LR > +1.0)
share,6,0,6,0.002604,0.0,5.5661,8.0302,Thiên về Persona (LR > +1.0)
mwg,6,0,6,0.002604,0.0,5.5661,8.0302,Thiên về Persona (LR > +1.0)
sharer,6,0,6,0.002604,0.0,5.5661,8.0302,Thiên về Persona (LR > +1.0)
tin,6,0,6,0.002604,0.0,5.5661,8.0302,Thiên về Persona (LR > +1.0)
chụp,6,0,6,0.002604,0.0,5.5661,8.0302,Thiên về Persona (LR > +1.0)
topic_led,6,0,6,0.002604,0.0,5.5661,8.0302,Thiên về Persona (LR > +1.0)
vn,6,0,6,0.002604,0.0,5.5661,8.0302,Thiên về Persona (LR > +1.0)
sang,6,0,6,0.002604,0.0,5.5661,8.0302,Thiên về Persona (LR > +1.0)
đổi,6,0,6,0.002604,0.0,5.5661,8.0302,Thiên về Persona (LR > +1.0)
giải,6,0,6,0.002604,0.0,5.5661,8.0302,Thiên về Persona (LR > +1.0)
thấy,5,0,5,0.00217,0.0,5.3846,7.7683,Thiên về Persona (LR > +1.0)
chùa,5,0,5,0.00217,0.0,5.3846,7.7683,Thiên về Persona (LR > +1.0)
đền,5,0,5,0.00217,0.0,5.3846,7.7683,Thiên về Persona (LR > +1.0)
chính_trị,5,0,5,0.00217,0.0,5.3846,7.7683,Thiên về Persona (LR > +1.0)
trang_ông,5,0,5,0.00217,0.0,5.3846,7.7683,Thiên về Persona (LR > +1.0)
hay,5,0,5,0.00217,0.0,5.3846,7.7683,Thiên về Persona (LR > +1.0)
đạp,5,0,5,0.00217,0.0,5.3846,7.7683,Thiên về Persona (LR > +1.0)
bonsai,5,0,5,0.00217,0.0,5.3846,7.7683,Thiên về Persona (LR > +1.0)
tủ_sách,5,0,5,0.00217,0.0,5.3846,7.7683,Thiên về Persona (LR > +1.0)
mối,5,0,5,0.00217,0.0,5.3846,7.7683,Thiên về Persona (LR > +1.0)
cần,5,0,5,0.00217,0.0,5.3846,7.7683,Thiên về Persona (LR > +1.0)
thuộc,5,0,5,0.00217,0.0,5.3846,7.7683,Thiên về Persona (LR > +1.0)
xe,5,0,5,0.00217,0.0,5.3846,7.7683,Thiên về Persona (LR > +1.0)
asiad,5,0,5,0.00217,0.0,5.3846,7.7683,Thiên về Persona (LR > +1.0)
đầu_tiên,5,0,5,0.00217,0.0,5.3846,7.7683,Thiên về Persona (LR > +1.0)
môi_trường,5,0,5,0.00217,0.0,5.3846,7.7683,Thiên về Persona (LR > +1.0)
vừa,5,0,5,0.00217,0.0,5.3846,7.7683,Thiên về Persona (LR > +1.0)
bối_cảnh,4,0,4,0.001736,0.0,5.1626,7.448,Thiên về Persona (LR > +1.0)
giá,4,0,4,0.001736,0.0,5.1626,7.448,Thiên về Persona (LR > +1.0)
post,4,0,4,0.001736,0.0,5.1626,7.448,Thiên về Persona (LR > +1.0)
mạnh,4,0,4,0.001736,0.0,5.1626,7.448,Thiên về Persona (LR > +1.0)
văn_hóa,4,0,4,0.001736,0.0,5.1626,7.448,Thiên về Persona (LR > +1.0)
vẫn,4,0,4,0.001736,0.0,5.1626,7.448,Thiên về Persona (LR > +1.0)
xe_đạp,4,0,4,0.001736,0.0,5.1626,7.448,Thiên về Persona (LR > +1.0)
báo,4,0,4,0.001736,0.0,5.1626,7.448,Thiên về Persona (LR > +1.0)
thành_viên,4,0,4,0.001736,0.0,5.1626,7.448,Thiên về Persona (LR > +1.0)
quảng_cáo,4,0,4,0.001736,0.0,5.1626,7.448,Thiên về Persona (LR > +1.0)
tự,4,0,4,0.001736,0.0,5.1626,7.448,Thiên về Persona (LR > +1.0)
tránh,4,0,4,0.001736,0.0,5.1626,7.448,Thiên về Persona (LR > +1.0)
chủ_động,4,0,4,0.001736,0.0,5.1626,7.448,Thiên về Persona (LR > +1.0)
vàng,4,0,4,0.001736,0.0,5.1626,7.448,Thiên về Persona (LR > +1.0)
mỗi,4,0,4,0.001736,0.0,5.1626,7.448,Thiên về Persona (LR > +1.0)
nước,4,0,4,0.001736,0.0,5.1626,7.448,Thiên về Persona (LR > +1.0)
đấu_vật,4,0,4,0.001736,0.0,5.1626,7.448,Thiên về Persona (LR > +1.0)
scroll,4,0,4,0.001736,0.0,5.1626,7.448,Thiên về Persona (LR > +1.0)
qua,4,0,4,0.001736,0.0,5.1626,7.448,Thiên về Persona (LR > +1.0)
phi_công,4,0,4,0.001736,0.0,5.1626,7.448,Thiên về Persona (LR > +1.0)
nguyễn_văn_bảy,4,0,4,0.001736,0.0,5.1626,7.448,Thiên về Persona (LR > +1.0)
thể_hình,4,0,4,0.001736,0.0,5.1626,7.448,Thiên về Persona (LR > +1.0)
cũ,4,0,4,0.001736,0.0,5.1626,7.448,Thiên về Persona (LR > +1.0)
đan,4,0,4,0.001736,0.0,5.1626,7.448,Thiên về Persona (LR > +1.0)
len,4,0,4,0.001736,0.0,5.1626,7.448,Thiên về Persona (LR > +1.0)
đến,4,0,4,0.001736,0.0,5.1626,7.448,Thiên về Persona (LR > +1.0)
hình_ảnh,3,0,3,0.001302,0.0,4.8768,7.0357,Thiên về Persona (LR > +1.0)
yoga_cười,3,0,3,0.001302,0.0,4.8768,7.0357,Thiên về Persona (LR > +1.0)
hơn,3,0,3,0.001302,0.0,4.8768,7.0357,Thiên về Persona (LR > +1.0)
đắk_lắk,3,0,3,0.001302,0.0,4.8768,7.0357,Thiên về Persona (LR > +1.0)
bị,3,0,3,0.001302,0.0,4.8768,7.0357,Thiên về Persona (LR > +1.0)
thông_tin,3,0,3,0.001302,0.0,4.8768,7.0357,Thiên về Persona (LR > +1.0)
world_cup,3,0,3,0.001302,0.0,4.8768,7.0357,Thiên về Persona (LR > +1.0)
quick,3,0,3,0.001302,0.0,4.8768,7.0357,Thiên về Persona (LR > +1.0)
tín_hiệu,3,0,3,0.001302,0.0,4.8768,7.0357,Thiên về Persona (LR > +1.0)
nha_khoa,3,0,3,0.001302,0.0,4.8768,7.0357,Thiên về Persona (LR > +1.0)
sống,3,0,3,0.001302,0.0,4.8768,7.0357,Thiên về Persona (LR > +1.0)
chính_thức,3,0,3,0.001302,0.0,4.8768,7.0357,Thiên về Persona (LR > +1.0)
hội,3,0,3,0.001302,0.0,4.8768,7.0357,Thiên về Persona (LR > +1.0)
tiến_bộ,3,0,3,0.001302,0.0,4.8768,7.0357,Thiên về Persona (LR > +1.0)
tiếng,3,0,3,0.001302,0.0,4.8768,7.0357,Thiên về Persona (LR > +1.0)
pace,3,0,3,0.001302,0.0,4.8768,7.0357,Thiên về Persona (LR > +1.0)
gần_gũi,3,0,3,0.001302,0.0,4.8768,7.0357,Thiên về Persona (LR > +1.0)
thích,3,0,3,0.001302,0.0,4.8768,7.0357,Thiên về Persona (LR > +1.0)
ngưỡng,3,0,3,0.001302,0.0,4.8768,7.0357,Thiên về Persona (LR > +1.0)
mạch,3,0,3,0.001302,0.0,4.8768,7.0357,Thiên về Persona (LR > +1.0)
quyết_định,3,0,3,0.001302,0.0,4.8768,7.0357,Thiên về Persona (LR > +1.0)
nhân_vật,3,0,3,0.001302,0.0,4.8768,7.0357,Thiên về Persona (LR > +1.0)
nhận_thức,3,0,3,0.001302,0.0,4.8768,7.0357,Thiên về Persona (LR > +1.0)
trả,3,0,3,0.001302,0.0,4.8768,7.0357,Thiên về Persona (LR > +1.0)
ý_nghĩa,3,0,3,0.001302,0.0,4.8768,7.0357,Thiên về Persona (LR > +1.0)
fifa,3,0,3,0.001302,0.0,4.8768,7.0357,Thiên về Persona (LR > +1.0)
thai_pham,3,0,3,0.001302,0.0,4.8768,7.0357,Thiên về Persona (LR > +1.0)
books,3,0,3,0.001302,0.0,4.8768,7.0357,Thiên về Persona (LR > +1.0)
hai,3,0,3,0.001302,0.0,4.8768,7.0357,Thiên về Persona (LR > +1.0)
tiếp,3,0,3,0.001302,0.0,4.8768,7.0357,Thiên về Persona (LR > +1.0)
bành_gia_huy,3,0,3,0.001302,0.0,4.8768,7.0357,Thiên về Persona (LR > +1.0)
sports,3,0,3,0.001302,0.0,4.8768,7.0357,Thiên về Persona (LR > +1.0)
việt,3,0,3,0.001302,0.0,4.8768,7.0357,Thiên về Persona (LR > +1.0)
trực_tiếp,3,0,3,0.001302,0.0,4.8768,7.0357,Thiên về Persona (LR > +1.0)
quốc_tế,3,0,3,0.001302,0.0,4.8768,7.0357,Thiên về Persona (LR > +1.0)
cộng_đồng,3,0,3,0.001302,0.0,4.8768,7.0357,Thiên về Persona (LR > +1.0)
đi,3,0,3,0.001302,0.0,4.8768,7.0357,Thiên về Persona (LR > +1.0)
thành_tích,2,0,2,0.000868,0.0,4.4751,6.4562,Thiên về Persona (LR > +1.0)
trở,2,0,2,0.000868,0.0,4.4751,6.4562,Thiên về Persona (LR > +1.0)
lớn,2,0,2,0.000868,0.0,4.4751,6.4562,Thiên về Persona (LR > +1.0)
tư_liệu,2,0,2,0.000868,0.0,4.4751,6.4562,Thiên về Persona (LR > +1.0)
kiện,2,0,2,0.000868,0.0,4.4751,6.4562,Thiên về Persona (LR > +1.0)
tòa_trọng_tài,2,0,2,0.000868,0.0,4.4751,6.4562,Thiên về Persona (LR > +1.0)
đổi_góc,2,0,2,0.000868,0.0,4.4751,6.4562,Thiên về Persona (LR > +1.0)
có_thể,2,0,2,0.000868,0.0,4.4751,6.4562,Thiên về Persona (LR > +1.0)
yêu,2,0,2,0.000868,0.0,4.4751,6.4562,Thiên về Persona (LR > +1.0)
olympiad,2,0,2,0.000868,0.0,4.4751,6.4562,Thiên về Persona (LR > +1.0)
toàn_quốc,2,0,2,0.000868,0.0,4.4751,6.4562,Thiên về Persona (LR > +1.0)
xu_hướng,2,0,2,0.000868,0.0,4.4751,6.4562,Thiên về Persona (LR > +1.0)
đẹp,2,0,2,0.000868,0.0,4.4751,6.4562,Thiên về Persona (LR > +1.0)
haha,2,0,2,0.000868,0.0,4.4751,6.4562,Thiên về Persona (LR > +1.0)
chuyển_hướng,2,0,2,0.000868,0.0,4.4751,6.4562,Thiên về Persona (LR > +1.0)
triết_học,2,0,2,0.000868,0.0,4.4751,6.4562,Thiên về Persona (LR > +1.0)
cười,2,0,2,0.000868,0.0,4.4751,6.4562,Thiên về Persona (LR > +1.0)
8/10_phút,2,0,2,0.000868,0.0,4.4751,6.4562,Thiên về Persona (LR > +1.0)
xa,2,0,2,0.000868,0.0,4.4751,6.4562,Thiên về Persona (LR > +1.0)
lướt_feed,2,0,2,0.000868,0.0,4.4751,6.4562,Thiên về Persona (LR > +1.0)
makeup,2,0,2,0.000868,0.0,4.4751,6.4562,Thiên về Persona (LR > +1.0)
tổng_kết,2,0,2,0.000868,0.0,4.4751,6.4562,Thiên về Persona (LR > +1.0)
giới_thiệu,2,0,2,0.000868,0.0,4.4751,6.4562,Thiên về Persona (LR > +1.0)
kết_hợp,2,0,2,0.000868,0.0,4.4751,6.4562,Thiên về Persona (LR > +1.0)
chi_tiết,2,0,2,0.000868,0.0,4.4751,6.4562,Thiên về Persona (LR > +1.0)
nhảy,2,0,2,0.000868,0.0,4.4751,6.4562,Thiên về Persona (LR > +1.0)
ấn_tượng,2,0,2,0.000868,0.0,4.4751,6.4562,Thiên về Persona (LR > +1.0)
galaxy_y,2,0,2,0.000868,0.0,4.4751,6.4562,Thiên về Persona (LR > +1.0)
theo_dõi,2,0,2,0.000868,0.0,4.4751,6.4562,Thiên về Persona (LR > +1.0)
hấp_dẫn,2,0,2,0.000868,0.0,4.4751,6.4562,Thiên về Persona (LR > +1.0)
chính_phủ,2,0,2,0.000868,0.0,4.4751,6.4562,Thiên về Persona (LR > +1.0)
nút,2,0,2,0.000868,0.0,4.4751,6.4562,Thiên về Persona (LR > +1.0)
skim,2,0,2,0.000868,0.0,4.4751,6.4562,Thiên về Persona (LR > +1.0)
bàn,2,0,2,0.000868,0.0,4.4751,6.4562,Thiên về Persona (LR > +1.0)
nhất,2,0,2,0.000868,0.0,4.4751,6.4562,Thiên về Persona (LR > +1.0)
pháp_luật,2,0,2,0.000868,0.0,4.4751,6.4562,Thiên về Persona (LR > +1.0)
tướng,2,0,2,0.000868,0.0,4.4751,6.4562,Thiên về Persona (LR > +1.0)
target,2,0,2,0.000868,0.0,4.4751,6.4562,Thiên về Persona (LR > +1.0)
anh,2,0,2,0.000868,0.0,4.4751,6.4562,Thiên về Persona (LR > +1.0)
tranh_chấp,2,0,2,0.000868,0.0,4.4751,6.4562,Thiên về Persona (LR > +1.0)
chess,2,0,2,0.000868,0.0,4.4751,6.4562,Thiên về Persona (LR > +1.0)
trắng,2,0,2,0.000868,0.0,4.4751,6.4562,Thiên về Persona (LR > +1.0)
tiếp_theo,2,0,2,0.000868,0.0,4.4751,6.4562,Thiên về Persona (LR > +1.0)
đây,2,0,2,0.000868,0.0,4.4751,6.4562,Thiên về Persona (LR > +1.0)
hà_nội,2,0,2,0.000868,0.0,4.4751,6.4562,Thiên về Persona (LR > +1.0)
reaction,2,0,2,0.000868,0.0,4.4751,6.4562,Thiên về Persona (LR > +1.0)
wow,2,0,2,0.000868,0.0,4.4751,6.4562,Thiên về Persona (LR > +1.0)
tự_hào,2,0,2,0.000868,0.0,4.4751,6.4562,Thiên về Persona (LR > +1.0)
samsung,2,0,2,0.000868,0.0,4.4751,6.4562,Thiên về Persona (LR > +1.0)
studio,2,0,2,0.000868,0.0,4.4751,6.4562,Thiên về Persona (LR > +1.0)
gần,2,0,2,0.000868,0.0,4.4751,6.4562,Thiên về Persona (LR > +1.0)
đại_kiện,2,0,2,0.000868,0.0,4.4751,6.4562,Thiên về Persona (LR > +1.0)
visible-0,2,0,2,0.000868,0.0,4.4751,6.4562,Thiên về Persona (LR > +1.0)
thảo_luận,2,0,2,0.000868,0.0,4.4751,6.4562,Thiên về Persona (LR > +1.0)
bằng,2,0,2,0.000868,0.0,4.4751,6.4562,Thiên về Persona (LR > +1.0)
chuẩn,2,0,2,0.000868,0.0,4.4751,6.4562,Thiên về Persona (LR > +1.0)
marketplace,2,0,2,0.000868,0.0,4.4751,6.4562,Thiên về Persona (LR > +1.0)
mặt,2,0,2,0.000868,0.0,4.4751,6.4562,Thiên về Persona (LR > +1.0)
surface,2,0,2,0.000868,0.0,4.4751,6.4562,Thiên về Persona (LR > +1.0)
chuyên,2,0,2,0.000868,0.0,4.4751,6.4562,Thiên về Persona (LR > +1.0)
đại_hội,2,0,2,0.000868,0.0,4.4751,6.4562,Thiên về Persona (LR > +1.0)
lá,2,0,2,0.000868,0.0,4.4751,6.4562,Thiên về Persona (LR > +1.0)
bóng_đá,2,0,2,0.000868,0.0,4.4751,6.4562,Thiên về Persona (LR > +1.0)
thu,2,0,2,0.000868,0.0,4.4751,6.4562,Thiên về Persona (LR > +1.0)
cổ_phiếu,2,0,2,0.000868,0.0,4.4751,6.4562,Thiên về Persona (LR > +1.0)
livestream,2,0,2,0.000868,0.0,4.4751,6.4562,Thiên về Persona (LR > +1.0)
mở_rộng,2,0,2,0.000868,0.0,4.4751,6.4562,Thiên về Persona (LR > +1.0)
meditation,2,0,2,0.000868,0.0,4.4751,6.4562,Thiên về Persona (LR > +1.0)
mà,2,0,2,0.000868,0.0,4.4751,6.4562,Thiên về Persona (LR > +1.0)
âm_nhạc,2,0,2,0.000868,0.0,4.4751,6.4562,Thiên về Persona (LR > +1.0)
giành,2,0,2,0.000868,0.0,4.4751,6.4562,Thiên về Persona (LR > +1.0)
lên,2,0,2,0.000868,0.0,4.4751,6.4562,Thiên về Persona (LR > +1.0)
query,2,0,2,0.000868,0.0,4.4751,6.4562,Thiên về Persona (LR > +1.0)
tốt,2,0,2,0.000868,0.0,4.4751,6.4562,Thiên về Persona (LR > +1.0)
elapsed,2,0,2,0.000868,0.0,4.4751,6.4562,Thiên về Persona (LR > +1.0)
liên_tục,2,0,2,0.000868,0.0,4.4751,6.4562,Thiên về Persona (LR > +1.0)
history,2,0,2,0.000868,0.0,4.4751,6.4562,Thiên về Persona (LR > +1.0)
đọc,43,1,44,0.018663,0.005814,1.1651,1.6809,Thiên về Persona (LR > +1.0)
chủ_đề,31,1,32,0.013455,0.005814,0.8381,1.2091,Trung lập / Dùng chung (-1.0 <= LR <= +1.0)
feed,47,2,49,0.020399,0.011628,0.5617,0.8104,Trung lập / Dùng chung (-1.0 <= LR <= +1.0)
tìm_kiếm,22,1,23,0.009549,0.005814,0.4955,0.7148,Trung lập / Dùng chung (-1.0 <= LR <= +1.0)
mới,20,1,21,0.008681,0.005814,0.4003,0.5774,Trung lập / Dùng chung (-1.0 <= LR <= +1.0)
phiên,55,3,58,0.023872,0.017442,0.3137,0.4525,Trung lập / Dùng chung (-1.0 <= LR <= +1.0)
thêm,16,1,17,0.006944,0.005814,0.1774,0.2559,Trung lập / Dùng chung (-1.0 <= LR <= +1.0)
cuộn,16,1,17,0.006944,0.005814,0.1774,0.2559,Trung lập / Dùng chung (-1.0 <= LR <= +1.0)
hiện,16,1,17,0.006944,0.005814,0.1774,0.2559,Trung lập / Dùng chung (-1.0 <= LR <= +1.0)
tự_nhiên,31,2,33,0.013455,0.011628,0.1458,0.2104,Trung lập / Dùng chung (-1.0 <= LR <= +1.0)
hết,38,3,41,0.016493,0.017442,-0.0559,-0.0806,Trung lập / Dùng chung (-1.0 <= LR <= +1.0)
thời_gian,11,1,12,0.004774,0.005814,-0.1966,-0.2837,Trung lập / Dùng chung (-1.0 <= LR <= +1.0)
kết_thúc,19,2,21,0.008247,0.011628,-0.3433,-0.4952,Trung lập / Dùng chung (-1.0 <= LR <= +1.0)
phút,15,2,17,0.00651,0.011628,-0.5793,-0.8358,Trung lập / Dùng chung (-1.0 <= LR <= +1.0)
còn,21,3,24,0.009115,0.017442,-0.6485,-0.9356,Trung lập / Dùng chung (-1.0 <= LR <= +1.0)
thời_lượng,19,3,22,0.008247,0.017442,-0.7484,-1.0798,Trung lập / Dùng chung (-1.0 <= LR <= +1.0)
lần,18,3,21,0.007812,0.017442,-0.8024,-1.1577,Trung lập / Dùng chung (-1.0 <= LR <= +1.0)
quay,4,1,5,0.001736,0.005814,-1.2046,-1.7379,Thiên về No-Persona (LR < -1.0)
hoạt_động,4,1,5,0.001736,0.005814,-1.2046,-1.7379,Thiên về No-Persona (LR < -1.0)
persona,125,38,163,0.054253,0.22093,-1.404,-2.0256,Thiên về No-Persona (LR < -1.0)
remaining_seconds,6,2,8,0.002604,0.011628,-1.4933,-2.1544,Thiên về No-Persona (LR < -1.0)
tương_tác,8,3,11,0.003472,0.017442,-1.6118,-2.3253,Thiên về No-Persona (LR < -1.0)
lỗi,8,3,11,0.003472,0.017442,-1.6118,-2.3253,Thiên về No-Persona (LR < -1.0)
hành_động,98,38,136,0.042535,0.22093,-1.6473,-2.3766,Thiên về No-Persona (LR < -1.0)
kịch_bản,90,38,128,0.039062,0.22093,-1.7325,-2.4994,Thiên về No-Persona (LR < -1.0)
affordance,2,2,4,0.000868,0.011628,-2.5843,-3.7284,Thiên về No-Persona (LR < -1.0)
khả_dụng,0,2,2,0.0,0.011628,-7.0594,-10.1846,Thiên về No-Persona (LR < -1.0)
read,0,2,2,0.0,0.011628,-7.0594,-10.1846,Thiên về No-Persona (LR < -1.0)
surface_kẹt,0,2,2,0.0,0.011628,-7.0594,-10.1846,Thiên về No-Persona (LR < -1.0)
close,0,2,2,0.0,0.011628,-7.0594,-10.1846,Thiên về No-Persona (LR < -1.0)
suốt,0,2,2,0.0,0.011628,-7.0594,-10.1846,Thiên về No-Persona (LR < -1.0)
detail,0,2,2,0.0,0.011628,-7.0594,-10.1846,Thiên về No-Persona (LR < -1.0)
