Biến số,N,Mean,Std,Min,P5,Q1,Median,Q3,P95,Max,IQR,Skewness,Kurtosis
wm_num_active_threads,88,2.02,1.98,0.0,0.0,0.0,2.0,4.25,5.0,5.0,4.25,0.49,-1.25
scroll_speed_px_s,7,2970.48,1378.9,1692.57,1692.57,1801.13,2425.53,4159.04,4754.94,4754.94,2357.91,0.41,-1.54
recent_last_gesture_px,7,815.29,323.37,501.0,501.0,536.0,684.0,1123.5,1203.0,1203.0,587.5,0.26,-1.73
wm_cumulative_searches,88,0.55,0.5,0.0,0.0,0.0,1.0,1.0,1.0,1.0,1.0,-0.18,-1.97
wm_cumulative_reads,88,0.31,0.46,0.0,0.0,0.0,0.0,1.0,1.0,1.0,1.0,0.84,-1.3
wm_cumulative_opened,88,0.0,0.0,0.0,0.0,0.0,0.0,0.0,0.0,0.0,0.0,,
cognitive_latency_ratio,88,0.56,0.4,0.03,0.04,0.08,0.61,0.97,0.98,1.0,0.89,-0.11,-1.81
context_action_velocity,88,1.31,1.58,0.0,0.0,0.0,0.91,1.89,5.19,6.0,1.89,1.5,1.49
model_latency_ms,88,1906.52,743.08,809.0,873.4,1185.25,2082.5,2387.25,2639.65,5433.0,1202.0,0.87,3.88
tool_execution_ms,88,11588.61,17439.47,7.0,20.0,41.0,1539.0,21889.5,60039.95,60360.0,21848.5,1.58,1.56
total_step_latency_ms,88,13495.14,17732.39,829.0,963.45,1312.25,4058.0,23505.25,62317.15,63174.0,22193.0,1.55,1.47
wm_situational_steps,88,2.33,2.4,0.0,0.0,0.0,2.0,5.25,6.0,6.0,5.25,0.6,-1.21
recent_last_gesture_ms,7,281.71,20.34,253.0,253.0,267.5,293.0,296.0,298.1,299.0,28.5,-0.75,-1.24
num_dimension_evidence,88,0.44,0.83,0.0,0.0,0.0,0.0,0.0,2.0,2.0,0.0,1.34,-0.18
dim_evidence_max_weight,20,0.68,0.09,0.5,0.5,0.67,0.7,0.7,0.8,0.8,0.03,-0.78,-0.09
reason_length,88,19.75,35.41,0.0,0.0,0.0,0.0,31.0,31.0,226.0,31.0,3.87,17.42
