phase,macro_behavior,persona_pct,no_persona_pct,diff_pct (Persona - NoPersona)
Q1 (0-25% Early),1. Cuộn & Duyệt lướt (Scroll Feed),22.1,28.6,-6.5
Q1 (0-25% Early),2. Đọc sâu bài viết (Deep Read),3.5,4.8,-1.3
Q1 (0-25% Early),3. Tương tác xã hội (React/Social),9.3,4.8,4.5
Q1 (0-25% Early),4. Tìm kiếm chủ đề (Search Query),27.9,14.3,13.6
Q1 (0-25% Early),5. Điều hướng giao diện (Navigate),10.5,4.8,5.7
Q1 (0-25% Early),6. Quan sát màn hình (Observe),24.4,33.3,-8.9
Q1 (0-25% Early),7. Kết thúc phiên (End Session),0.0,0.0,0.0
Q1 (0-25% Early),8. Nghỉ ngơi / Đợi (Rest/Wait),0.0,0.0,0.0
Q1 (0-25% Early),9. Khác (Other),2.3,9.5,-7.2
Q2 (25-50% Mid-Early),1. Cuộn & Duyệt lướt (Scroll Feed),18.4,13.6,4.8
Q2 (25-50% Mid-Early),2. Đọc sâu bài viết (Deep Read),13.8,13.6,0.2
Q2 (25-50% Mid-Early),3. Tương tác xã hội (React/Social),9.2,4.5,4.6
Q2 (25-50% Mid-Early),4. Tìm kiếm chủ đề (Search Query),14.9,4.5,10.4
Q2 (25-50% Mid-Early),5. Điều hướng giao diện (Navigate),12.6,13.6,-1.0
Q2 (25-50% Mid-Early),6. Quan sát màn hình (Observe),27.6,40.9,-13.3
Q2 (25-50% Mid-Early),7. Kết thúc phiên (End Session),0.0,0.0,0.0
Q2 (25-50% Mid-Early),8. Nghỉ ngơi / Đợi (Rest/Wait),0.0,0.0,0.0
Q2 (25-50% Mid-Early),9. Khác (Other),3.4,9.1,-5.6
Q3 (50-75% Mid-Late),1. Cuộn & Duyệt lướt (Scroll Feed),24.1,13.6,10.5
Q3 (50-75% Mid-Late),2. Đọc sâu bài viết (Deep Read),8.0,27.3,-19.2
Q3 (50-75% Mid-Late),3. Tương tác xã hội (React/Social),14.9,0.0,14.9
Q3 (50-75% Mid-Late),4. Tìm kiếm chủ đề (Search Query),12.6,0.0,12.6
Q3 (50-75% Mid-Late),5. Điều hướng giao diện (Navigate),12.6,9.1,3.6
Q3 (50-75% Mid-Late),6. Quan sát màn hình (Observe),21.8,45.5,-23.6
Q3 (50-75% Mid-Late),7. Kết thúc phiên (End Session),4.6,0.0,4.6
Q3 (50-75% Mid-Late),8. Nghỉ ngơi / Đợi (Rest/Wait),1.1,0.0,1.1
Q3 (50-75% Mid-Late),9. Khác (Other),0.0,4.5,-4.5
Q4 (75-100% Late),1. Cuộn & Duyệt lướt (Scroll Feed),23.6,4.3,19.2
Q4 (75-100% Late),2. Đọc sâu bài viết (Deep Read),6.7,13.0,-6.3
Q4 (75-100% Late),3. Tương tác xã hội (React/Social),14.6,4.3,10.3
Q4 (75-100% Late),4. Tìm kiếm chủ đề (Search Query),0.0,0.0,0.0
Q4 (75-100% Late),5. Điều hướng giao diện (Navigate),4.5,8.7,-4.2
Q4 (75-100% Late),6. Quan sát màn hình (Observe),22.5,39.1,-16.7
Q4 (75-100% Late),7. Kết thúc phiên (End Session),22.5,13.0,9.4
Q4 (75-100% Late),8. Nghỉ ngơi / Đợi (Rest/Wait),1.1,8.7,-7.6
Q4 (75-100% Late),9. Khác (Other),4.5,8.7,-4.2
