group,macro_cat,navigate/close,open/drill-down,react/engage,read/expand,scroll,search
No-Persona,"Khám phá & Tìm kiếm
(Exploration)",0.0,0.0,0.0,0.0,20.0,80.0
No-Persona,"Nhịp độ & Điều tiết
(Pacing & Control)",61.11,0.0,0.0,11.11,27.78,0.0
No-Persona,"Tiêu thụ nội dung
(Consumption)",18.18,18.18,0.0,27.27,36.36,0.0
No-Persona,"Tương tác xã hội
(Social / React)",0.0,0.0,80.0,20.0,0.0,0.0
Persona,"Khám phá & Tìm kiếm
(Exploration)",15.76,15.76,7.61,11.41,26.63,22.83
Persona,"Nhịp độ & Điều tiết
(Pacing & Control)",17.28,2.47,2.47,11.11,59.26,7.41
Persona,"Tiêu thụ nội dung
(Consumption)",12.84,7.34,3.67,22.94,45.87,7.34
Persona,"Tương tác xã hội
(Social / React)",4.17,8.33,54.17,25.0,8.33,0.0
